category,title,creator,publication_year,description
album,Morning Delight,Nathaniel Barton,1999,Est fugiat unde iste.
book,Evening America,King Brown,2020,Dolor nam voluptatum est.
book,Blue Treat,Clark Kub,1970,Quibusdam quasi qui necessitatibus.
book,Hello Breaker,Pat Stiedemann Sr.,2005,Veritatis molestias rerum adipisci.
movie,The Captain's Bean,Edwin Green Sr.,1944,Nisi officia eos dolores.
movie,Summer Been,Aron McClure,1923,Ipsa accusantium aut et.
book,Chocolate ,Deeann Borer II,2009,Amet beatae magni molestiae.
book,Captain's Breaker,Maxwell Schuster,1990,Dolore aut et qui.
movie,Strong Delight,Sacha Heaney,1921,Accusantium aut vitae dolorum.
album,Kreb-Full-o Enlightenment,Kimiko Jones,1950,Et perferendis et atque.
album,Blue Treat,Marcos Blanda,1963,Ut ut quibusdam reiciendis.
album,The Captain's Level,Janna Beer IV,1984,Alias natus voluptatem laborum.
book,Captain's Blend,Judson Bashirian,2000,Ipsam iure aliquam ut.
album,Split Blend,Alica Ernser DVM,2016,Mollitia esse suscipit numquam.
book,Veranda Symphony,Sung Mertz,1984,Fugiat eligendi quaerat laborum.
album,Postmodern Pie,Man Kling IV,1991,Dolorum iusto quibusdam odit.
book,Express Town,Enrique Koepp,1996,Voluptatem eum unde quia.
album,Morning America,Mara McClure,1960,Perspiciatis voluptatem inventore deserunt.
movie,Bluebery Delight,Hisako Hane,1967,Sunt accusantium excepturi iusto.
album,Holiday Coffee,Rayna Senger,2018,Officia maiores et voluptatum.
movie,Thanksgiving Enlightenment,Aaron Kilback,2004,Cum vel occaecati similique.
book,Street Look,Edythe White,1931,Architecto officia repellat voluptate.
album,Joe Delight,Karly Christiansen,2003,Voluptate eum expedita autem.
book,Blacktop Utopia,Shawna Schiller,2002,Omnis facilis earum eius.
album,The Pie,Elisha Fisher,1966,Eum occaecati reiciendis exercitationem.
movie,Captain's Solstice,Miss Flossie Ledner,1953,Ut accusantium sunt dignissimos.
book,Captain's Choice,Orlando Homenick,1948,Laudantium quidem fuga sequi.
movie,Seattle Bean,Jeanne Rippin,1975,Id omnis mollitia velit.
book,Brooklyn Solstice,Steven Feil,1965,Numquam magni omnis nisi.
album,Dark Select,Theron Maggio,1976,Voluptas ex reprehenderit eos.
book,Dark Pie,Ula MacGyver MD,1926,Quis consequatur unde quia.
movie,Thanksgiving America,Karleen Wehner,1991,Dolores laudantium magnam rerum.
movie,Good-morning Choice,Rhonda Breitenberg,2007,Vel et qui neque.
book,Cascara Light,Ghislaine Cruickshank,1930,Quo qui corrupti neque.
album,Street Treat,Ambrose Wunsch,1933,Voluptatum illo dicta maxime.
album,Red Utopia,Tena Lockman,2008,Dolor possimus voluptas autem.
album,Evening Star,Mr. Tona Huels,1939,Id sed et cumque.
movie,Thanksgiving ,Guillermina Graham Jr.,1977,Id odit ullam reprehenderit.
movie,Captain's Pie,Lazaro Hansen,1986,Enim qui quia impedit.
movie,Spilt Nuts,Keven Johnson,1976,Temporibus possimus ipsum minus.
album,Thanksgiving Breaker,Valene Schimmel,1980,Assumenda eius consequatur pariatur.
movie,Blue Mug,Herbert Hudson,1942,Eos illo rerum nisi.
movie,Goodbye Cowboy,Ariel Kihn MD,1928,Ut rerum et occaecati.
book,Blacktop Volcano,Luna Harber,2000,Quia enim adipisci omnis.
book,Major Blend,Dr. Fannie Ziemann,1975,Cumque distinctio libero quidem.
album,Strong America,Ms. Graham Mills,1950,Voluptas aut dolorum reiciendis.
album,Blacktop Blend,Travis Howe,1990,Aut quidem modi impedit.
book,Good-morning Coffee,Makeda Legros,1980,Aut eos sunt modi.
movie,Kreb-Full-o Cowboy,Nigel Thompson,2011,Ex autem libero tenetur.
book,Melty Utopia,Kennith Treutel,1994,Quisquam facilis assumenda ex.
